ID,active
CHEMBL1232461,1
CHEMBL1233528,1
CHEMBL1313432,0
CHEMBL1344420,0
CHEMBL1361699,1
CHEMBL1362741,0
CHEMBL1363184,0
CHEMBL1381011,0
CHEMBL13880,0
CHEMBL14212,0
CHEMBL1443641,0
CHEMBL1444120,0
CHEMBL1452711,0
CHEMBL14682,0
CHEMBL1480862,0
CHEMBL1481742,0
CHEMBL1485571,0
CHEMBL1497792,0
CHEMBL1507539,0
CHEMBL1535485,0
CHEMBL1620811,0
CHEMBL1673039,0
CHEMBL1673048,0
CHEMBL1698814,0
CHEMBL1708496,0
CHEMBL1719168,0
CHEMBL1722357,0
CHEMBL1738926,1
CHEMBL1828978,0
CHEMBL1828980,0
CHEMBL1828981,0
CHEMBL1828982,0
CHEMBL1828983,0
CHEMBL1828984,0
CHEMBL1828985,0
CHEMBL1828986,0
CHEMBL188678,0
CHEMBL1950956,0
CHEMBL1950957,0
CHEMBL1957266,1
CHEMBL1968380,1
CHEMBL1995703,1
CHEMBL2017291,1
CHEMBL2094361,0
CHEMBL2094636,0
CHEMBL2103840,0
CHEMBL2132936,1
CHEMBL2153434,1
CHEMBL2177300,1
CHEMBL2179378,0
CHEMBL2179379,0
CHEMBL2179380,0
CHEMBL2179381,0
CHEMBL2179382,0
CHEMBL2179383,0
CHEMBL2179384,0
CHEMBL2179391,0
CHEMBL2181701,0
CHEMBL2181702,0
CHEMBL2181703,0
CHEMBL2181704,0
CHEMBL2181705,0
CHEMBL2181706,0
CHEMBL2181707,0
CHEMBL2181708,0
CHEMBL2181709,0
CHEMBL2181710,0
CHEMBL2181711,0
CHEMBL2181712,0
CHEMBL2181713,0
CHEMBL2181714,0
CHEMBL2181715,0
CHEMBL2181716,0
CHEMBL2181717,0
CHEMBL2181718,0
CHEMBL2181719,0
CHEMBL2181720,0
CHEMBL2181722,0
CHEMBL2181723,0
CHEMBL2181724,0
CHEMBL2181725,0
CHEMBL2181726,0
CHEMBL2181727,0
CHEMBL2181728,0
CHEMBL2181729,0
CHEMBL2181730,0
CHEMBL2181731,0
CHEMBL2181732,0
CHEMBL2181733,0
CHEMBL2181734,0
CHEMBL2181735,0
CHEMBL2181736,0
CHEMBL2181737,0
CHEMBL2181738,0
CHEMBL2181739,0
CHEMBL2181740,0
CHEMBL2181741,0
CHEMBL2181742,0
CHEMBL225354,0
CHEMBL226259,0
CHEMBL2325491,0
CHEMBL2325745,0
CHEMBL2331593,0
CHEMBL2335144,0
CHEMBL2335145,0
CHEMBL2335148,0
CHEMBL2335149,0
CHEMBL2335150,0
CHEMBL2335151,0
CHEMBL2346691,0
CHEMBL2349340,1
CHEMBL2349341,0
CHEMBL2349344,0
CHEMBL2349345,0
CHEMBL2349346,0
CHEMBL2349347,0
CHEMBL2349349,0
CHEMBL2349350,0
CHEMBL2349351,0
CHEMBL2349354,0
CHEMBL2349355,0
CHEMBL2349356,0
CHEMBL2349357,0
CHEMBL2349358,0
CHEMBL2349359,0
CHEMBL2349362,0
CHEMBL2349462,0
CHEMBL235191,0
CHEMBL2393130,0
CHEMBL2431073,0
CHEMBL2431074,0
CHEMBL2431075,0
CHEMBL2431077,0
CHEMBL2431079,1
CHEMBL2431080,1
CHEMBL2431083,0
CHEMBL2431084,0
CHEMBL2431085,0
CHEMBL2431086,0
CHEMBL2431087,0
CHEMBL2431089,0
CHEMBL2431090,1
CHEMBL2431092,0
CHEMBL2431093,0
CHEMBL2431094,0
CHEMBL2436003,0
CHEMBL2436005,0
CHEMBL2436006,0
CHEMBL2436007,0
CHEMBL2436008,0
CHEMBL2436009,0
CHEMBL2436010,0
CHEMBL2436011,0
CHEMBL2436014,0
CHEMBL265438,0
CHEMBL278041,0
CHEMBL3134571,0
CHEMBL3197024,0
CHEMBL3220211,0
CHEMBL3220853,0
CHEMBL3220922,1
CHEMBL3220925,1
CHEMBL3234250,0
CHEMBL3234252,0
CHEMBL3234253,0
CHEMBL3234254,0
CHEMBL3234256,0
CHEMBL3234285,0
CHEMBL3262777,0
CHEMBL3352858,0
CHEMBL3356131,0
CHEMBL3356132,0
CHEMBL3356133,0
CHEMBL3356134,0
CHEMBL3356135,0
CHEMBL3356137,0
CHEMBL3356143,0
CHEMBL3356541,0
CHEMBL3356542,0
CHEMBL3356543,0
CHEMBL3356545,0
CHEMBL3356546,0
CHEMBL3356547,0
CHEMBL3356548,0
CHEMBL3356549,0
CHEMBL3356550,0
CHEMBL3356551,0
CHEMBL3356552,0
CHEMBL3356554,0
CHEMBL3356555,0
CHEMBL3356557,0
CHEMBL3356558,0
CHEMBL3356560,0
CHEMBL3356561,0
CHEMBL3356562,0
CHEMBL3356563,0
CHEMBL3356564,0
CHEMBL3356565,0
CHEMBL3356566,0
CHEMBL3356567,0
CHEMBL3356568,0
CHEMBL3398325,0
CHEMBL3398326,0
CHEMBL3398328,0
CHEMBL3398330,0
CHEMBL3398332,0
CHEMBL3398334,0
CHEMBL3398337,0
CHEMBL3398338,0
CHEMBL3398339,0
CHEMBL3398340,0
CHEMBL3409982,0
CHEMBL3409983,0
CHEMBL3409984,0
CHEMBL3409986,0
CHEMBL3409987,0
CHEMBL3409990,0
CHEMBL3409991,0
CHEMBL3409993,0
CHEMBL3409996,1
CHEMBL3409998,0
CHEMBL3410000,1
CHEMBL3410002,1
CHEMBL3410003,1
CHEMBL3410005,1
CHEMBL3410006,0
CHEMBL3410007,1
CHEMBL3410008,0
CHEMBL343448,1
CHEMBL3581647,1
CHEMBL3581648,0
CHEMBL3581650,0
CHEMBL3581651,0
CHEMBL3581652,0
CHEMBL3581653,0
CHEMBL3581654,0
CHEMBL3581660,1
CHEMBL3581661,1
CHEMBL3581662,1
CHEMBL3589468,0
CHEMBL3589469,0
CHEMBL3589470,0
CHEMBL3589471,0
CHEMBL3589472,0
CHEMBL3589473,0
CHEMBL3589474,0
CHEMBL3589475,0
CHEMBL3589476,0
CHEMBL3589477,0
CHEMBL3589478,0
CHEMBL3589479,0
CHEMBL3589480,0
CHEMBL3589482,0
CHEMBL3589483,0
CHEMBL3589484,0
CHEMBL3589485,0
CHEMBL3589486,0
CHEMBL3589487,0
CHEMBL3589488,0
CHEMBL3589489,0
CHEMBL3605560,0
CHEMBL3605564,0
CHEMBL3605565,1
CHEMBL3605566,0
CHEMBL3609304,0
CHEMBL3609314,1
CHEMBL3621258,0
CHEMBL3621272,0
CHEMBL3621275,0
CHEMBL3622373,0
CHEMBL3639497,1
CHEMBL3650854,1
CHEMBL3650855,1
CHEMBL3650860,1
CHEMBL3650861,0
CHEMBL3650862,1
CHEMBL3650863,1
CHEMBL3650864,1
CHEMBL3650866,1
CHEMBL3650869,1
CHEMBL3650870,1
CHEMBL3650871,0
CHEMBL3650872,1
CHEMBL3650873,1
CHEMBL3650874,1
CHEMBL3650877,1
CHEMBL3650879,1
CHEMBL3650880,1
CHEMBL3650881,0
CHEMBL3650882,1
CHEMBL3650886,1
CHEMBL3650887,1
CHEMBL3650888,1
CHEMBL3650889,1
CHEMBL3650890,1
CHEMBL3650892,1
CHEMBL3650893,1
CHEMBL3650894,1
CHEMBL3650896,1
CHEMBL3650899,1
CHEMBL3650901,1
CHEMBL3650902,1
CHEMBL3650903,1
CHEMBL3650905,1
CHEMBL3650906,1
CHEMBL3650909,1
CHEMBL3650911,1
CHEMBL3650912,1
CHEMBL3650913,1
CHEMBL3650915,1
CHEMBL3650916,1
CHEMBL3650917,1
CHEMBL3650918,1
CHEMBL3650919,1
CHEMBL3650920,1
CHEMBL3650921,1
CHEMBL3650923,1
CHEMBL3650924,1
CHEMBL3650925,1
CHEMBL3650926,1
CHEMBL3650927,1
CHEMBL3650928,1
CHEMBL3650929,1
CHEMBL3650930,1
CHEMBL3650931,1
CHEMBL3650932,1
CHEMBL3650933,1
CHEMBL3650934,1
CHEMBL3650935,1
CHEMBL3650936,1
CHEMBL3650937,1
CHEMBL3650938,1
CHEMBL3650939,1
CHEMBL3650940,1
CHEMBL3650941,1
CHEMBL3650942,0
CHEMBL3650943,1
CHEMBL3650944,0
CHEMBL3650945,1
CHEMBL3650946,1
CHEMBL3650947,1
CHEMBL3650948,0
CHEMBL3650949,1
CHEMBL3650950,1
CHEMBL3650951,0
CHEMBL3650953,1
CHEMBL3650954,1
CHEMBL3650955,1
CHEMBL3650956,1
CHEMBL3650958,1
CHEMBL3650959,1
CHEMBL3650960,1
CHEMBL3650961,1
CHEMBL3650962,1
CHEMBL3650963,0
CHEMBL3650964,1
CHEMBL3650965,1
CHEMBL3650966,0
CHEMBL3650968,0
CHEMBL3650969,0
CHEMBL3650970,1
CHEMBL3650971,0
CHEMBL3650972,0
CHEMBL3650973,1
CHEMBL3650974,1
CHEMBL3650975,1
CHEMBL3650976,1
CHEMBL3654263,1
CHEMBL3654264,1
CHEMBL3654265,1
CHEMBL3654266,1
CHEMBL3654267,1
CHEMBL3654268,1
CHEMBL3654272,1
CHEMBL3654275,1
CHEMBL3654276,1
CHEMBL3654277,1
CHEMBL3654278,1
CHEMBL3654280,1
CHEMBL3654281,1
CHEMBL3654282,1
CHEMBL3654283,1
CHEMBL3654284,1
CHEMBL3654285,1
CHEMBL3654286,1
CHEMBL3654287,1
CHEMBL3654288,1
CHEMBL3654289,1
CHEMBL3654290,1
CHEMBL3654291,1
CHEMBL3654292,1
CHEMBL3654293,1
CHEMBL3654294,1
CHEMBL3654295,1
CHEMBL3654296,1
CHEMBL3654297,1
CHEMBL3654298,1
CHEMBL3654299,1
CHEMBL3654300,1
CHEMBL3654301,1
CHEMBL3654302,1
CHEMBL3654303,1
CHEMBL3654304,1
CHEMBL3654305,1
CHEMBL3654306,1
CHEMBL3654307,1
CHEMBL3654309,1
CHEMBL3654310,1
CHEMBL3654311,1
CHEMBL3654312,1
CHEMBL3654313,1
CHEMBL3654314,1
CHEMBL3654315,1
CHEMBL3654316,1
CHEMBL3654317,1
CHEMBL3654320,1
CHEMBL3654322,1
CHEMBL3654323,1
CHEMBL3654325,1
CHEMBL3654326,1
CHEMBL3654327,1
CHEMBL3752151,0
CHEMBL3752296,0
CHEMBL3753333,0
CHEMBL3769507,0
CHEMBL3769729,1
CHEMBL3769755,1
CHEMBL3770112,0
CHEMBL3771129,1
CHEMBL3774655,0
CHEMBL3774900,0
CHEMBL3774931,0
CHEMBL3775058,0
CHEMBL3775270,0
CHEMBL3775772,0
CHEMBL3779900,0
CHEMBL3779914,0
CHEMBL3780000,0
CHEMBL3780026,0
CHEMBL3780059,1
CHEMBL3780093,0
CHEMBL3780115,0
CHEMBL3780143,0
CHEMBL3780218,0
CHEMBL3780233,0
CHEMBL3780234,0
CHEMBL3780301,0
CHEMBL3780310,0
CHEMBL3780338,0
CHEMBL3780381,0
CHEMBL3780384,0
CHEMBL3780398,0
CHEMBL3780409,0
CHEMBL3780462,0
CHEMBL3780491,0
CHEMBL3780508,0
CHEMBL3780526,0
CHEMBL3780650,0
CHEMBL3780753,0
CHEMBL3780784,0
CHEMBL3780879,0
CHEMBL3780901,0
CHEMBL3780992,0
CHEMBL3781084,0
CHEMBL3781093,0
CHEMBL3781095,0
CHEMBL3781119,0
CHEMBL3781213,0
CHEMBL3781279,0
CHEMBL3781285,0
CHEMBL3781471,1
CHEMBL3781500,0
CHEMBL3781513,0
CHEMBL3781556,0
CHEMBL3781570,0
CHEMBL3781730,0
CHEMBL3781898,0
CHEMBL3781951,0
CHEMBL3782048,0
CHEMBL3785262,1
CHEMBL3785363,1
CHEMBL3785440,1
CHEMBL3785668,1
CHEMBL3785917,1
CHEMBL3786012,1
CHEMBL3786449,1
CHEMBL3786559,1
CHEMBL3786682,1
CHEMBL3786708,1
CHEMBL3786728,1
CHEMBL3786971,1
CHEMBL3787075,1
CHEMBL3787210,1
CHEMBL3787279,1
CHEMBL3787482,1
CHEMBL3787680,1
CHEMBL3813713,0
CHEMBL3813731,0
CHEMBL3813846,0
CHEMBL3813929,0
CHEMBL3814246,0
CHEMBL3814550,0
CHEMBL3814752,0
CHEMBL3814772,0
CHEMBL3814881,0
CHEMBL3814896,0
CHEMBL3815023,0
CHEMBL3818026,0
CHEMBL3818246,0
CHEMBL3818389,0
CHEMBL3818939,0
CHEMBL3818971,0
CHEMBL3819533,0
CHEMBL3819616,0
CHEMBL3819621,0
CHEMBL3822498,0
CHEMBL3822501,0
CHEMBL3822843,0
CHEMBL3822909,0
CHEMBL3822988,0
CHEMBL3822990,0
CHEMBL3823177,0
CHEMBL3823369,0
CHEMBL3823551,0
CHEMBL3823599,0
CHEMBL3823697,0
CHEMBL3823906,0
CHEMBL3824133,0
CHEMBL3824146,0
CHEMBL3824289,0
CHEMBL3824351,0
CHEMBL3889679,0
CHEMBL3889780,1
CHEMBL3889858,1
CHEMBL3890382,1
CHEMBL3890875,1
CHEMBL3891399,1
CHEMBL3891618,1
CHEMBL3891645,0
CHEMBL3891963,1
CHEMBL3892298,1
CHEMBL3892467,0
CHEMBL3892797,1
CHEMBL3892997,1
CHEMBL3893098,1
CHEMBL3893293,1
CHEMBL3893541,0
CHEMBL3893693,1
CHEMBL3894110,1
CHEMBL3895082,1
CHEMBL3895096,1
CHEMBL3895105,1
CHEMBL3895164,1
CHEMBL3895277,1
CHEMBL3895413,1
CHEMBL3895414,1
CHEMBL3895799,1
CHEMBL3896323,0
CHEMBL3896352,1
CHEMBL3896408,1
CHEMBL3896599,1
CHEMBL3897104,1
CHEMBL3897393,0
CHEMBL3897524,0
CHEMBL3897551,1
CHEMBL3897860,1
CHEMBL3898030,1
CHEMBL3898222,1
CHEMBL3898276,1
CHEMBL3898472,1
CHEMBL3898753,0
CHEMBL3898931,1
CHEMBL3899348,1
CHEMBL3899767,1
CHEMBL3900452,1
CHEMBL3900573,0
CHEMBL3900942,1
CHEMBL3900949,1
CHEMBL3901095,1
CHEMBL3901283,1
CHEMBL3901556,1
CHEMBL3901764,1
CHEMBL3902075,1
CHEMBL3902122,0
CHEMBL3902369,1
CHEMBL3902514,0
CHEMBL3902662,1
CHEMBL3903195,1
CHEMBL3903298,1
CHEMBL3903329,1
CHEMBL3903414,1
CHEMBL3903530,1
CHEMBL3903717,1
CHEMBL3903961,1
CHEMBL3904002,0
CHEMBL3904347,1
CHEMBL3904431,1
CHEMBL3904546,0
CHEMBL3904716,1
CHEMBL3905005,0
CHEMBL3905296,1
CHEMBL3905339,1
CHEMBL3905439,0
CHEMBL3905531,1
CHEMBL3906233,1
CHEMBL3906306,1
CHEMBL3906525,0
CHEMBL3907779,0
CHEMBL3907957,1
CHEMBL3908134,1
CHEMBL3908404,1
CHEMBL3908687,1
CHEMBL3908744,1
CHEMBL3909850,0
CHEMBL3909879,0
CHEMBL3910167,1
CHEMBL3910345,1
CHEMBL3910409,1
CHEMBL3910675,0
CHEMBL3910811,1
CHEMBL3910821,1
CHEMBL3910909,1
CHEMBL3910920,1
CHEMBL3911269,0
CHEMBL3911524,0
CHEMBL3912279,1
CHEMBL3912346,1
CHEMBL3912420,1
CHEMBL3912626,1
CHEMBL3912665,0
CHEMBL3913097,1
CHEMBL3913403,1
CHEMBL3913759,1
CHEMBL3915331,0
CHEMBL3915337,1
CHEMBL3915504,0
CHEMBL3916156,1
CHEMBL3916215,1
CHEMBL3916599,0
CHEMBL3916616,1
CHEMBL3917283,0
CHEMBL3917504,0
CHEMBL3917766,1
CHEMBL3917785,1
CHEMBL3918425,0
CHEMBL3918920,1
CHEMBL3919669,1
CHEMBL3919765,0
CHEMBL3919831,1
CHEMBL3919918,1
CHEMBL3920109,1
CHEMBL3920169,1
CHEMBL3920459,0
CHEMBL3921106,1
CHEMBL3922243,1
CHEMBL3922405,1
CHEMBL3922408,1
CHEMBL3922807,1
CHEMBL3923050,0
CHEMBL3923795,1
CHEMBL3923986,0
CHEMBL3924330,0
CHEMBL3924552,1
CHEMBL3924629,1
CHEMBL3924981,1
CHEMBL3925217,1
CHEMBL3925335,0
CHEMBL3925627,1
CHEMBL3926303,1
CHEMBL3926372,1
CHEMBL3926520,1
CHEMBL3926818,1
CHEMBL3926851,1
CHEMBL3928297,1
CHEMBL3929216,1
CHEMBL3929232,1
CHEMBL3929288,1
CHEMBL3929450,1
CHEMBL3930041,1
CHEMBL3930178,1
CHEMBL3930501,1
CHEMBL3930648,1
CHEMBL3930999,1
CHEMBL3931719,1
CHEMBL3931840,0
CHEMBL3932024,1
CHEMBL3932341,1
CHEMBL3932656,1
CHEMBL3933546,1
CHEMBL3933922,1
CHEMBL3934033,1
CHEMBL3934107,1
CHEMBL3934488,0
CHEMBL3934703,1
CHEMBL3935133,1
CHEMBL3936300,1
CHEMBL3936655,1
CHEMBL3936675,0
CHEMBL3937036,1
CHEMBL3937670,1
CHEMBL3937740,1
CHEMBL3938125,1
CHEMBL3938299,0
CHEMBL3938349,1
CHEMBL3938408,0
CHEMBL3938845,1
CHEMBL3939051,1
CHEMBL3939182,1
CHEMBL3939853,1
CHEMBL3940657,1
CHEMBL3940905,0
CHEMBL3941065,1
CHEMBL3941383,1
CHEMBL3941413,1
CHEMBL3941687,1
CHEMBL3942255,1
CHEMBL3942643,0
CHEMBL3942916,1
CHEMBL3942998,1
CHEMBL3943040,1
CHEMBL3943463,0
CHEMBL3943642,1
CHEMBL3943676,1
CHEMBL3943936,1
CHEMBL3943949,1
CHEMBL3944144,1
CHEMBL3944742,1
CHEMBL3945190,1
CHEMBL3945205,1
CHEMBL3945286,1
CHEMBL3946085,1
CHEMBL3946115,1
CHEMBL3946553,1
CHEMBL3947783,1
CHEMBL3948288,1
CHEMBL3948612,0
CHEMBL3949043,1
CHEMBL3949432,1
CHEMBL3949471,1
CHEMBL3950010,0
CHEMBL3950503,0
CHEMBL3950740,1
CHEMBL3951457,1
CHEMBL3951628,1
CHEMBL3951791,1
CHEMBL3952038,1
CHEMBL3952265,1
CHEMBL3952536,1
CHEMBL3952604,1
CHEMBL3952766,1
CHEMBL3952921,0
CHEMBL3953629,1
CHEMBL3953916,0
CHEMBL3954805,1
CHEMBL3955162,1
CHEMBL3955574,1
CHEMBL3956770,1
CHEMBL3957312,0
CHEMBL3958003,1
CHEMBL3958505,1
CHEMBL3959228,1
CHEMBL3959270,0
CHEMBL3959351,0
CHEMBL3959584,0
CHEMBL3960540,1
CHEMBL3960583,1
CHEMBL3960704,1
CHEMBL3960734,0
CHEMBL3960956,1
CHEMBL3961269,1
CHEMBL3961278,0
CHEMBL3961812,1
CHEMBL3961817,1
CHEMBL3962469,1
CHEMBL3962542,0
CHEMBL3962688,0
CHEMBL3962757,0
CHEMBL3962916,1
CHEMBL3963251,1
CHEMBL3963382,1
CHEMBL3963607,1
CHEMBL3963740,1
CHEMBL3963861,1
CHEMBL3963965,0
CHEMBL3964013,0
CHEMBL3964316,1
CHEMBL3965053,1
CHEMBL3965142,1
CHEMBL3965536,1
CHEMBL3965767,1
CHEMBL3965820,1
CHEMBL3966349,0
CHEMBL3966479,1
CHEMBL3966781,0
CHEMBL3967321,1
CHEMBL3967404,0
CHEMBL3967570,1
CHEMBL3967609,1
CHEMBL3967931,1
CHEMBL3968068,1
CHEMBL3968533,0
CHEMBL3969052,1
CHEMBL3969225,1
CHEMBL3969370,0
CHEMBL3969782,1
CHEMBL3970036,0
CHEMBL3970467,0
CHEMBL3970529,1
CHEMBL3970919,1
CHEMBL3971743,1
CHEMBL3972262,1
CHEMBL3972267,1
CHEMBL3972402,1
CHEMBL3972660,1
CHEMBL3972674,1
CHEMBL3973174,1
CHEMBL3973515,0
CHEMBL3973624,1
CHEMBL3974182,1
CHEMBL3974281,1
CHEMBL3974456,1
CHEMBL3974853,1
CHEMBL3975261,1
CHEMBL3975278,1
CHEMBL3975427,1
CHEMBL3975635,1
CHEMBL3975797,1
CHEMBL3975850,1
CHEMBL3975910,0
CHEMBL3976671,1
CHEMBL3976809,1
CHEMBL3977370,1
CHEMBL3977798,1
CHEMBL3978169,1
CHEMBL3978817,1
CHEMBL3979024,1
CHEMBL3979196,1
CHEMBL3979221,1
CHEMBL3979343,0
CHEMBL3979795,1
CHEMBL3980277,1
CHEMBL3980755,0
CHEMBL3981214,1
CHEMBL3981222,1
CHEMBL3981511,0
CHEMBL3982015,1
CHEMBL3982102,1
CHEMBL3982196,1
CHEMBL3982690,1
CHEMBL3982970,1
CHEMBL3983248,1
CHEMBL3983439,1
CHEMBL3983636,1
CHEMBL3984068,1
CHEMBL3984202,1
CHEMBL3984261,1
CHEMBL3984289,1
CHEMBL3985118,0
CHEMBL3985294,1
CHEMBL3985602,1
CHEMBL3985804,1
CHEMBL3985963,1
CHEMBL3985975,1
CHEMBL3986361,0
CHEMBL3986374,1
CHEMBL3986539,1
CHEMBL3986698,1
CHEMBL3987016,1
CHEMBL3987051,1
CHEMBL3987128,1
CHEMBL4059589,1
CHEMBL4060566,0
CHEMBL4061161,0
CHEMBL4061254,0
CHEMBL4061600,0
CHEMBL4061800,0
CHEMBL4061901,0
CHEMBL4062259,0
CHEMBL4062332,0
CHEMBL4062624,0
CHEMBL4063112,0
CHEMBL4063290,0
CHEMBL4063726,0
CHEMBL4064489,0
CHEMBL4064879,0
CHEMBL4065093,0
CHEMBL4065346,0
CHEMBL4065507,0
CHEMBL4065777,1
CHEMBL4066449,0
CHEMBL4066476,0
CHEMBL4067436,0
CHEMBL4067492,1
CHEMBL4067751,0
CHEMBL4068021,0
CHEMBL4068116,0
CHEMBL4068474,1
CHEMBL4068497,0
CHEMBL4068849,0
CHEMBL4069010,0
CHEMBL4069308,0
CHEMBL4069594,0
CHEMBL4069813,0
CHEMBL4069831,0
CHEMBL4069975,0
CHEMBL4070185,0
CHEMBL4070340,1
CHEMBL4070621,0
CHEMBL4071717,0
CHEMBL4071814,0
CHEMBL4071890,1
CHEMBL4072185,0
CHEMBL4072227,1
CHEMBL4072276,0
CHEMBL4072630,0
CHEMBL4072815,0
CHEMBL4072979,0
CHEMBL4073204,0
CHEMBL4073350,0
CHEMBL4073688,0
CHEMBL4073738,0
CHEMBL4073812,0
CHEMBL4074125,0
CHEMBL4074405,0
CHEMBL4074676,0
CHEMBL4074712,1
CHEMBL4074906,1
CHEMBL4074924,0
CHEMBL4075074,0
CHEMBL4075291,1
CHEMBL4075419,0
CHEMBL4075476,0
CHEMBL4075567,1
CHEMBL4075573,0
CHEMBL4075860,1
CHEMBL4076056,0
CHEMBL4076059,0
CHEMBL4076254,0
CHEMBL4076296,1
CHEMBL4076398,1
CHEMBL4076445,0
CHEMBL4076748,0
CHEMBL4077019,0
CHEMBL4077038,1
CHEMBL4077154,1
CHEMBL4077176,1
CHEMBL4077279,0
CHEMBL4077375,0
CHEMBL4077397,0
CHEMBL4077449,0
CHEMBL4077583,0
CHEMBL4078019,0
CHEMBL4078047,0
CHEMBL4078100,1
CHEMBL4078384,0
CHEMBL4078743,0
CHEMBL4079312,1
CHEMBL4080510,0
CHEMBL4080729,1
CHEMBL4080905,0
CHEMBL4080969,0
CHEMBL4081438,0
CHEMBL4081585,0
CHEMBL4082119,1
CHEMBL4082235,0
CHEMBL4082632,1
CHEMBL4083416,0
CHEMBL4083742,0
CHEMBL4083840,1
CHEMBL4084046,0
CHEMBL4084203,0
CHEMBL4084580,0
CHEMBL4084942,0
CHEMBL408513,1
CHEMBL4085329,0
CHEMBL4085339,0
CHEMBL4085900,0
CHEMBL4085966,0
CHEMBL4086168,1
CHEMBL4086250,0
CHEMBL4086422,0
CHEMBL4086937,0
CHEMBL4087197,1
CHEMBL4087267,0
CHEMBL4087922,0
CHEMBL4088097,1
CHEMBL4088418,0
CHEMBL4088793,0
CHEMBL4089036,0
CHEMBL4089719,0
CHEMBL4091202,0
CHEMBL4091424,1
CHEMBL4091524,0
CHEMBL4092184,0
CHEMBL4092461,0
CHEMBL4092776,0
CHEMBL4092917,0
CHEMBL4092949,0
CHEMBL4093043,0
CHEMBL4093638,0
CHEMBL4094017,0
CHEMBL4094232,0
CHEMBL4094643,0
CHEMBL4095141,0
CHEMBL4095153,0
CHEMBL4095353,0
CHEMBL4095570,1
CHEMBL4095660,0
CHEMBL4095826,1
CHEMBL4096095,0
CHEMBL4096140,0
CHEMBL4096344,0
CHEMBL4096429,0
CHEMBL4096812,0
CHEMBL4097025,0
CHEMBL4097164,0
CHEMBL4097251,1
CHEMBL4097802,0
CHEMBL4098824,0
CHEMBL4098938,0
CHEMBL4098993,0
CHEMBL4099005,1
CHEMBL4099187,1
CHEMBL4099702,0
CHEMBL4099857,0
CHEMBL4100205,0
CHEMBL4100505,0
CHEMBL4101368,0
CHEMBL4101842,1
CHEMBL4102050,0
CHEMBL4102176,0
CHEMBL4102963,0
CHEMBL4103077,0
CHEMBL4103582,1
CHEMBL4104158,0
CHEMBL4104179,0
CHEMBL4104390,0
CHEMBL4104751,0
CHEMBL4105618,1
CHEMBL4108844,0
CHEMBL4109010,1
CHEMBL4109349,1
CHEMBL4109396,1
CHEMBL4109610,1
CHEMBL4110697,1
CHEMBL4111751,1
CHEMBL4113353,1
CHEMBL4114296,1
CHEMBL4114437,1
CHEMBL4125924,0
CHEMBL4126342,0
CHEMBL4126757,0
CHEMBL4126819,0
CHEMBL4126900,0
CHEMBL4127163,0
CHEMBL4127306,0
CHEMBL4127310,1
CHEMBL4127707,0
CHEMBL4127935,1
CHEMBL4128131,0
CHEMBL4128201,0
CHEMBL4128310,0
CHEMBL4129106,0
CHEMBL4129169,0
CHEMBL4129171,1
CHEMBL4129632,0
CHEMBL4129683,0
CHEMBL4129770,0
CHEMBL4129966,0
CHEMBL4130114,0
CHEMBL4130167,0
CHEMBL4130320,0
CHEMBL4159075,0
CHEMBL4159164,0
CHEMBL4159382,0
CHEMBL4159422,1
CHEMBL4159455,1
CHEMBL4159934,0
CHEMBL4160166,0
CHEMBL4160220,0
CHEMBL4160989,1
CHEMBL4161145,1
CHEMBL4161361,0
CHEMBL4161767,1
CHEMBL4161952,1
CHEMBL4162046,1
CHEMBL4162243,0
CHEMBL4162367,0
CHEMBL4162784,1
CHEMBL4162818,1
CHEMBL4162832,1
CHEMBL4163057,1
CHEMBL4163185,1
CHEMBL4163466,0
CHEMBL4163584,0
CHEMBL4163715,0
CHEMBL4164015,1
CHEMBL4164393,1
CHEMBL4164563,1
CHEMBL4164698,1
CHEMBL4165055,0
CHEMBL4165131,1
CHEMBL4165196,0
CHEMBL4165200,1
CHEMBL4165376,0
CHEMBL4165389,1
CHEMBL4165432,0
CHEMBL4165445,0
CHEMBL4165491,1
CHEMBL4165514,0
CHEMBL4165602,0
CHEMBL4165856,0
CHEMBL4166235,1
CHEMBL4166286,1
CHEMBL4166455,1
CHEMBL4166630,1
CHEMBL4166671,1
CHEMBL4166861,1
CHEMBL4167170,0
CHEMBL4167192,1
CHEMBL4167326,0
CHEMBL4167362,1
CHEMBL4167407,0
CHEMBL4167448,0
CHEMBL4167996,1
CHEMBL4168103,0
CHEMBL4168169,1
CHEMBL4168553,1
CHEMBL4168815,1
CHEMBL4168913,1
CHEMBL4169068,1
CHEMBL4169286,0
CHEMBL4169300,0
CHEMBL4169634,1
CHEMBL4169698,1
CHEMBL4169877,1
CHEMBL4170044,1
CHEMBL4170156,0
CHEMBL4170290,0
CHEMBL4170581,0
CHEMBL4170756,1
CHEMBL4170804,0
CHEMBL4170835,0
CHEMBL4171109,1
CHEMBL4171143,0
CHEMBL4171228,1
CHEMBL4171614,0
CHEMBL4171848,1
CHEMBL4172277,1
CHEMBL4172354,0
CHEMBL4172447,1
CHEMBL417255,0
CHEMBL4172674,0
CHEMBL4173105,1
CHEMBL4173305,1
CHEMBL4173349,0
CHEMBL4173488,1
CHEMBL4173521,0
CHEMBL4173537,1
CHEMBL4174139,0
CHEMBL4174543,1
CHEMBL4174587,1
CHEMBL4174669,1
CHEMBL4174764,1
CHEMBL4174918,1
CHEMBL4175060,1
CHEMBL4175673,0
CHEMBL4175811,1
CHEMBL4175855,1
CHEMBL4176107,1
CHEMBL4176419,1
CHEMBL4176466,0
CHEMBL4176672,1
CHEMBL4176830,1
CHEMBL4176849,1
CHEMBL4176902,1
CHEMBL4177080,1
CHEMBL4177115,0
CHEMBL4177214,1
CHEMBL4177351,1
CHEMBL4177508,0
CHEMBL4202403,1
CHEMBL4202497,1
CHEMBL4202678,1
CHEMBL4202833,1
CHEMBL4203082,0
CHEMBL4203276,1
CHEMBL4203331,1
CHEMBL4203377,0
CHEMBL4203456,1
CHEMBL4203461,1
CHEMBL4203725,1
CHEMBL4203764,1
CHEMBL4203862,0
CHEMBL4203897,0
CHEMBL4204052,1
CHEMBL4204065,0
CHEMBL4204316,1
CHEMBL4204490,0
CHEMBL4204578,1
CHEMBL4204769,1
CHEMBL4204846,0
CHEMBL4204922,1
CHEMBL4205343,0
CHEMBL4205657,1
CHEMBL4206026,0
CHEMBL4206058,1
CHEMBL4206132,1
CHEMBL4206171,0
CHEMBL4206381,1
CHEMBL4206831,0
CHEMBL4207024,1
CHEMBL4207080,0
CHEMBL4207437,1
CHEMBL4207517,0
CHEMBL4207530,0
CHEMBL4207560,0
CHEMBL4207609,1
CHEMBL4207666,1
CHEMBL4207729,1
CHEMBL4207810,1
CHEMBL4207965,0
CHEMBL4208129,1
CHEMBL4208136,1
CHEMBL4208164,1
CHEMBL4208254,0
CHEMBL4208320,1
CHEMBL4208405,1
CHEMBL4208561,1
CHEMBL4208643,1
CHEMBL4208820,0
CHEMBL4208894,1
CHEMBL4208936,0
CHEMBL4209113,1
CHEMBL4209208,0
CHEMBL4209359,0
CHEMBL4209361,0
CHEMBL4209636,0
CHEMBL4209747,0
CHEMBL4209902,1
CHEMBL4210062,1
CHEMBL4210131,1
CHEMBL4210414,1
CHEMBL4210440,1
CHEMBL4210571,1
CHEMBL4210754,1
CHEMBL4210763,0
CHEMBL4210853,0
CHEMBL4210981,1
CHEMBL4211379,1
CHEMBL4211497,1
CHEMBL4211756,0
CHEMBL4211972,1
CHEMBL4212062,1
CHEMBL4212227,1
CHEMBL4212237,0
CHEMBL4212498,1
CHEMBL4212515,1
CHEMBL4212538,1
CHEMBL4212617,1
CHEMBL4212636,0
CHEMBL4212637,0
CHEMBL4212712,1
CHEMBL4213012,1
CHEMBL4213045,1
CHEMBL4213080,1
CHEMBL4213276,1
CHEMBL4213395,1
CHEMBL4213481,1
CHEMBL4213494,1
CHEMBL4213524,1
CHEMBL4213692,0
CHEMBL4214127,0
CHEMBL4214501,1
CHEMBL4214978,1
CHEMBL4214979,0
CHEMBL4215025,1
CHEMBL4215043,1
CHEMBL4215166,0
CHEMBL4215403,1
CHEMBL4215658,1
CHEMBL4215726,1
CHEMBL4215815,0
CHEMBL4215910,0
CHEMBL4215941,1
CHEMBL4215988,1
CHEMBL4216188,0
CHEMBL4216192,1
CHEMBL4216442,1
CHEMBL4216530,1
CHEMBL4216875,1
CHEMBL4216942,1
CHEMBL4217058,1
CHEMBL4217211,1
CHEMBL4217213,0
CHEMBL4217457,1
CHEMBL4217497,1
CHEMBL4217552,0
CHEMBL4217560,1
CHEMBL4217818,1
CHEMBL4218138,0
CHEMBL4218411,1
CHEMBL4218450,1
CHEMBL4218757,1
CHEMBL4218866,1
CHEMBL4225096,0
CHEMBL4225212,1
CHEMBL4225460,0
CHEMBL4225695,0
CHEMBL4225700,0
CHEMBL4225778,0
CHEMBL4226051,0
CHEMBL4226129,0
CHEMBL4226431,0
CHEMBL4226540,1
CHEMBL4226566,0
CHEMBL4226698,0
CHEMBL4227207,0
CHEMBL4227233,0
CHEMBL4227335,1
CHEMBL4227387,1
CHEMBL4227391,0
CHEMBL4227469,0
CHEMBL4227534,0
CHEMBL4227710,0
CHEMBL4227788,1
CHEMBL4227855,0
CHEMBL4227902,1
CHEMBL4227923,1
CHEMBL4228052,0
CHEMBL4228174,1
CHEMBL4228256,0
CHEMBL4228259,0
CHEMBL4228445,1
CHEMBL4228515,1
CHEMBL4228900,0
CHEMBL4228973,1
CHEMBL4241205,1
CHEMBL4241469,0
CHEMBL4243172,1
CHEMBL4244412,1
CHEMBL4277199,0
CHEMBL4278261,0
CHEMBL4278704,0
CHEMBL4279393,1
CHEMBL4280151,0
CHEMBL4281078,0
CHEMBL4281665,0
CHEMBL4281728,0
CHEMBL4282172,0
CHEMBL4282575,0
CHEMBL4282851,0
CHEMBL4285157,0
CHEMBL4285959,0
CHEMBL4288055,0
CHEMBL4288487,0
CHEMBL4288985,0
CHEMBL4289549,0
CHEMBL4289556,1
CHEMBL4290512,0
CHEMBL4292350,0
CHEMBL4292721,0
CHEMBL4292779,0
CHEMBL4293853,0
CHEMBL4293904,1
CHEMBL4297454,1
CHEMBL4297458,1
CHEMBL4303293,1
CHEMBL4303404,1
CHEMBL4435147,0
CHEMBL4435562,1
CHEMBL4436158,0
CHEMBL4436408,1
CHEMBL4436492,0
CHEMBL4436750,0
CHEMBL4437749,1
CHEMBL4437997,0
CHEMBL4438171,1
CHEMBL4439187,1
CHEMBL4439538,0
CHEMBL4440097,1
CHEMBL4440098,1
CHEMBL4440443,1
CHEMBL4440466,1
CHEMBL4440534,1
CHEMBL4440666,1
CHEMBL4440829,0
CHEMBL4441082,1
CHEMBL4441257,0
CHEMBL4441264,1
CHEMBL4441348,1
CHEMBL4441390,0
CHEMBL4441402,1
CHEMBL4441607,1
CHEMBL4442066,0
CHEMBL4442201,1
CHEMBL4442574,0
CHEMBL4442989,0
CHEMBL4443068,1
CHEMBL4443103,1
CHEMBL4443228,0
CHEMBL4443980,0
CHEMBL4444009,1
CHEMBL4444117,0
CHEMBL4444128,1
CHEMBL4444342,1
CHEMBL4444741,0
CHEMBL4444781,1
CHEMBL4445306,1
CHEMBL4445310,1
CHEMBL4445399,1
CHEMBL4445482,0
CHEMBL4445973,1
CHEMBL4446421,0
CHEMBL4446896,1
CHEMBL4447461,0
CHEMBL4447984,1
CHEMBL4448093,1
CHEMBL4448723,0
CHEMBL4449002,1
CHEMBL4449151,1
CHEMBL4449279,1
CHEMBL4449280,0
CHEMBL4449543,0
CHEMBL4449874,1
CHEMBL4450677,0
CHEMBL4451288,0
CHEMBL4451357,1
CHEMBL4451445,0
CHEMBL4452281,0
CHEMBL4452292,0
CHEMBL4452415,1
CHEMBL4452579,1
CHEMBL4452894,1
CHEMBL4453137,0
CHEMBL4453202,0
CHEMBL4453427,0
CHEMBL4453726,0
CHEMBL4454414,0
CHEMBL4454528,0
CHEMBL4454674,1
CHEMBL4455513,0
CHEMBL4455895,0
CHEMBL4456011,1
CHEMBL4456255,0
CHEMBL4456714,0
CHEMBL4456933,0
CHEMBL4457319,0
CHEMBL4457551,0
CHEMBL4457993,1
CHEMBL4458148,1
CHEMBL4459366,0
CHEMBL4459431,0
CHEMBL4459660,0
CHEMBL4459678,0
CHEMBL4460102,0
CHEMBL4460105,0
CHEMBL4460353,1
CHEMBL4460549,1
CHEMBL4460783,0
CHEMBL4460838,0
CHEMBL4461077,1
CHEMBL4461170,0
CHEMBL4461369,0
CHEMBL4461662,1
CHEMBL4461915,0
CHEMBL4462005,0
CHEMBL4462036,1
CHEMBL4463153,0
CHEMBL4463165,1
CHEMBL4463398,0
CHEMBL4463599,0
CHEMBL4463778,1
CHEMBL4463970,1
CHEMBL4464099,0
CHEMBL4464152,1
CHEMBL4464353,1
CHEMBL4465001,0
CHEMBL4465624,0
CHEMBL4465676,1
CHEMBL4465878,0
CHEMBL4466079,0
CHEMBL4466270,0
CHEMBL4466553,0
CHEMBL4466613,1
CHEMBL4467977,1
CHEMBL4468126,1
CHEMBL4468264,1
CHEMBL4468549,0
CHEMBL4468587,0
CHEMBL4469389,1
CHEMBL4469625,0
CHEMBL4470170,1
CHEMBL4470171,0
CHEMBL4470237,1
CHEMBL4470331,1
CHEMBL4470399,1
CHEMBL4470782,1
CHEMBL4470836,0
CHEMBL4471181,0
CHEMBL4471247,0
CHEMBL4471732,1
CHEMBL4471956,0
CHEMBL4472607,1
CHEMBL4472724,0
CHEMBL4472855,0
CHEMBL4473057,1
CHEMBL4473458,0
CHEMBL4474369,1
CHEMBL4475135,0
CHEMBL4475297,0
CHEMBL4475739,0
CHEMBL4476085,1
CHEMBL4476205,1
CHEMBL4476857,0
CHEMBL4483587,1
CHEMBL4483624,0
CHEMBL4483660,0
CHEMBL4483679,0
CHEMBL4513694,0
CHEMBL4514104,1
CHEMBL4514160,0
CHEMBL4514808,0
CHEMBL4514822,1
CHEMBL4514849,0
CHEMBL4515491,0
CHEMBL4515594,1
CHEMBL4517595,0
CHEMBL4517875,0
CHEMBL4518465,1
CHEMBL4518804,1
CHEMBL4518829,1
CHEMBL4518929,0
CHEMBL4519230,0
CHEMBL4519632,0
CHEMBL4520419,0
CHEMBL4521096,0
CHEMBL4521536,0
CHEMBL4522212,1
CHEMBL4522909,0
CHEMBL4524199,0
CHEMBL4524310,1
CHEMBL4524758,1
CHEMBL4526843,1
CHEMBL4527581,0
CHEMBL4527844,0
CHEMBL4528783,1
CHEMBL4532913,1
CHEMBL4532972,0
CHEMBL4533068,0
CHEMBL4533090,0
CHEMBL4533723,0
CHEMBL4534000,1
CHEMBL4534424,1
CHEMBL4534557,0
CHEMBL4534568,1
CHEMBL4535610,0
CHEMBL4535816,1
CHEMBL4536208,1
CHEMBL4537054,1
CHEMBL4537434,0
CHEMBL4537909,1
CHEMBL4539863,1
CHEMBL4539891,1
CHEMBL4540207,1
CHEMBL4540225,1
CHEMBL4541250,0
CHEMBL4542662,0
CHEMBL4542872,1
CHEMBL4542938,1
CHEMBL4543026,1
CHEMBL4543045,0
CHEMBL4543167,1
CHEMBL4543233,0
CHEMBL4543743,1
CHEMBL4543985,0
CHEMBL4544653,0
CHEMBL4544682,1
CHEMBL4545921,1
CHEMBL4546863,0
CHEMBL4547886,0
CHEMBL4548155,0
CHEMBL4548885,0
CHEMBL4550548,1
CHEMBL4550710,0
CHEMBL4551888,0
CHEMBL4552460,0
CHEMBL4553526,0
CHEMBL4553774,1
CHEMBL4553865,1
CHEMBL4555072,0
CHEMBL4555209,1
CHEMBL4555713,0
CHEMBL4555828,0
CHEMBL4556079,1
CHEMBL4556261,1
CHEMBL4556533,1
CHEMBL4556917,1
CHEMBL4559020,0
CHEMBL4559057,0
CHEMBL4559894,0
CHEMBL4561468,1
CHEMBL4562288,1
CHEMBL4562580,1
CHEMBL4562592,0
CHEMBL4563590,0
CHEMBL4563906,1
CHEMBL4564804,0
CHEMBL4566495,1
CHEMBL4566599,0
CHEMBL4567383,1
CHEMBL4567623,0
CHEMBL4567741,1
CHEMBL4567799,0
CHEMBL4569139,0
CHEMBL4569326,0
CHEMBL4569631,0
CHEMBL4569959,0
CHEMBL4570691,0
CHEMBL4572470,1
CHEMBL4572531,0
CHEMBL4572971,0
CHEMBL4573342,0
CHEMBL4573352,0
CHEMBL4573400,1
CHEMBL4573437,1
CHEMBL4574104,0
CHEMBL4574260,0
CHEMBL4574735,0
CHEMBL4576874,0
CHEMBL4577433,1
CHEMBL4577491,0
CHEMBL4577584,1
CHEMBL4578457,0
CHEMBL4578490,1
CHEMBL4579153,1
CHEMBL4579454,1
CHEMBL4580129,0
CHEMBL4581142,0
CHEMBL4581383,0
CHEMBL4582177,0
CHEMBL4582401,1
CHEMBL4582810,1
CHEMBL4582953,0
CHEMBL4583412,0
CHEMBL4583525,1
CHEMBL4583926,1
CHEMBL4583994,0
CHEMBL4584184,1
CHEMBL4585185,1
CHEMBL4585487,1
CHEMBL4585758,1
CHEMBL4587000,1
CHEMBL4587347,0
CHEMBL4589387,1
CHEMBL4589721,1
CHEMBL4590777,0
CHEMBL4590925,1
CHEMBL4592260,0
CHEMBL4592461,0
CHEMBL4593553,1
CHEMBL4632358,1
CHEMBL4632925,1
CHEMBL4633163,0
CHEMBL4633289,1
CHEMBL4634252,0
CHEMBL4634326,0
CHEMBL4635134,1
CHEMBL4635421,0
CHEMBL4635720,0
CHEMBL4636280,0
CHEMBL4636475,1
CHEMBL4636881,0
CHEMBL4637198,1
CHEMBL4637378,1
CHEMBL4638621,1
CHEMBL4639128,1
CHEMBL4639878,0
CHEMBL4639892,0
CHEMBL4640016,0
CHEMBL4640025,1
CHEMBL4640133,1
CHEMBL4642629,0
CHEMBL4642676,1
CHEMBL4643798,1
CHEMBL4644273,0
CHEMBL4644325,0
CHEMBL4644443,1
CHEMBL4644713,0
CHEMBL4644955,1
CHEMBL4645406,0
CHEMBL4646027,1
CHEMBL4646327,1
CHEMBL4646709,0
CHEMBL4646882,0
CHEMBL4647006,0
CHEMBL4647718,1
CHEMBL4647786,1
CHEMBL4648134,0
CHEMBL4648431,1
CHEMBL4648912,1
CHEMBL4649318,0
CHEMBL4649774,1
CHEMBL4739955,0
CHEMBL4740073,0
CHEMBL4740156,0
CHEMBL4740899,1
CHEMBL4741038,0
CHEMBL4741051,0
CHEMBL4741061,0
CHEMBL4741110,1
CHEMBL4741699,1
CHEMBL4741760,1
CHEMBL4741964,0
CHEMBL4741981,1
CHEMBL4742103,1
CHEMBL4742152,1
CHEMBL4742169,1
CHEMBL4742787,0
CHEMBL4743540,1
CHEMBL4743731,0
CHEMBL4744677,1
CHEMBL4745026,0
CHEMBL4745135,1
CHEMBL4745137,0
CHEMBL4745517,1
CHEMBL4745597,1
CHEMBL4746893,0
CHEMBL4747052,0
CHEMBL4747126,1
CHEMBL4747491,1
CHEMBL4747648,1
CHEMBL4747650,1
CHEMBL4747961,0
CHEMBL4748580,1
CHEMBL4748673,0
CHEMBL4748678,0
CHEMBL4748720,1
CHEMBL4749073,1
CHEMBL4749403,1
CHEMBL4749433,1
CHEMBL4749460,1
CHEMBL4749464,1
CHEMBL4749568,1
CHEMBL4749664,1
CHEMBL4749756,1
CHEMBL4749839,1
CHEMBL4749890,1
CHEMBL4750219,1
CHEMBL4751250,0
CHEMBL4751308,1
CHEMBL4751396,1
CHEMBL4752061,1
CHEMBL4752416,1
CHEMBL4752543,1
CHEMBL4752747,1
CHEMBL4752917,0
CHEMBL4753273,0
CHEMBL4753402,1
CHEMBL4753908,1
CHEMBL4754326,0
CHEMBL4754471,1
CHEMBL4754483,1
CHEMBL4754662,0
CHEMBL4755061,1
CHEMBL4755310,1
CHEMBL4755667,1
CHEMBL4755696,1
CHEMBL4755706,1
CHEMBL4755816,1
CHEMBL4756075,1
CHEMBL4756166,0
CHEMBL4756594,1
CHEMBL4756652,1
CHEMBL4757257,0
CHEMBL4757283,1
CHEMBL4757429,1
CHEMBL4757477,0
CHEMBL4757681,0
CHEMBL4757853,1
CHEMBL4757918,1
CHEMBL4757963,1
CHEMBL4758435,1
CHEMBL4758501,1
CHEMBL4758631,1
CHEMBL4758654,1
CHEMBL4758664,1
CHEMBL4758756,1
CHEMBL4758859,1
CHEMBL4758899,0
CHEMBL4758996,1
CHEMBL4759311,0
CHEMBL4759383,0
CHEMBL4759394,1
CHEMBL4759451,1
CHEMBL4759645,0
CHEMBL4759670,1
CHEMBL4759884,1
CHEMBL4760190,1
CHEMBL4760233,1
CHEMBL4760884,0
CHEMBL4761044,1
CHEMBL4761149,1
CHEMBL4761313,0
CHEMBL4761474,1
CHEMBL4761541,1
CHEMBL4761709,0
CHEMBL4762081,1
CHEMBL4762204,1
CHEMBL4762241,0
CHEMBL4762677,1
CHEMBL4762746,1
CHEMBL4763016,0
CHEMBL4763062,1
CHEMBL4763469,1
CHEMBL4763504,1
CHEMBL4763778,0
CHEMBL4763815,0
CHEMBL4764023,1
CHEMBL4776770,1
CHEMBL4777253,0
CHEMBL4777392,1
CHEMBL4777694,1
CHEMBL4777982,0
CHEMBL4778531,1
CHEMBL4779019,0
CHEMBL4779319,0
CHEMBL4779336,0
CHEMBL4779338,1
CHEMBL4779737,0
CHEMBL4779984,1
CHEMBL4780522,0
CHEMBL4780530,1
CHEMBL4780985,1
CHEMBL4781215,1
CHEMBL4781472,1
CHEMBL4781498,0
CHEMBL4781951,0
CHEMBL4782435,0
CHEMBL4782560,0
CHEMBL4782628,0
CHEMBL4782635,1
CHEMBL4783083,1
CHEMBL4783301,1
CHEMBL4784336,1
CHEMBL4784847,1
CHEMBL4784918,0
CHEMBL4784983,0
CHEMBL4785419,0
CHEMBL4786600,0
CHEMBL4787110,0
CHEMBL4787328,1
CHEMBL4787546,1
CHEMBL4787589,1
CHEMBL4787915,0
CHEMBL4787967,0
CHEMBL4788188,0
CHEMBL4788469,0
CHEMBL4788497,1
CHEMBL4788537,0
CHEMBL4788992,0
CHEMBL4789038,0
CHEMBL4789072,1
CHEMBL4789090,1
CHEMBL4790376,1
CHEMBL4790464,0
CHEMBL4790613,0
CHEMBL479079,0
CHEMBL4790801,0
CHEMBL4790841,0
CHEMBL4791203,0
CHEMBL4791394,1
CHEMBL4791527,0
CHEMBL4791753,1
CHEMBL4792207,1
CHEMBL4792667,0
CHEMBL4792834,0
CHEMBL4793324,1
CHEMBL4793356,0
CHEMBL4793358,0
CHEMBL4794599,0
CHEMBL4795074,1
CHEMBL4795277,1
CHEMBL4795513,1
CHEMBL4795699,0
CHEMBL4796127,1
CHEMBL4796137,1
CHEMBL4796417,0
CHEMBL4796952,1
CHEMBL4796986,1
CHEMBL4797297,1
CHEMBL4797533,0
CHEMBL4797842,0
CHEMBL4798044,1
CHEMBL4798106,1
CHEMBL4798210,0
CHEMBL4798212,1
CHEMBL4798269,0
CHEMBL4798278,0
CHEMBL4798322,1
CHEMBL4798352,0
CHEMBL4798353,1
CHEMBL4798393,1
CHEMBL4798570,1
CHEMBL4798822,1
CHEMBL4799176,0
CHEMBL4800001,1
CHEMBL4800079,0
CHEMBL4800119,1
CHEMBL4800629,0
CHEMBL483254,1
CHEMBL4846895,1
CHEMBL4847433,0
CHEMBL4848135,0
CHEMBL4848215,0
CHEMBL4848871,1
CHEMBL4849738,0
CHEMBL4850099,1
CHEMBL4850311,1
CHEMBL4850926,1
CHEMBL4853072,0
CHEMBL4855116,1
CHEMBL4855910,0
CHEMBL4857203,1
CHEMBL4857742,1
CHEMBL4859434,0
CHEMBL4859501,1
CHEMBL4859923,1
CHEMBL4861666,0
CHEMBL4861811,0
CHEMBL4863199,1
CHEMBL4863302,0
CHEMBL4863631,0
CHEMBL4864173,1
CHEMBL4864355,0
CHEMBL4864626,0
CHEMBL4864701,0
CHEMBL4864902,0
CHEMBL4865857,0
CHEMBL4865930,1
CHEMBL4866748,0
CHEMBL4867046,0
CHEMBL4867171,1
CHEMBL4867208,1
CHEMBL4867415,0
CHEMBL4868314,0
CHEMBL4869203,1
CHEMBL4870369,0
CHEMBL4871769,1
CHEMBL4872300,0
CHEMBL4875068,0
CHEMBL4875203,1
CHEMBL4875215,1
CHEMBL4875619,0
CHEMBL4875647,1
CHEMBL4876541,0
CHEMBL4877326,0
CHEMBL4877696,0
CHEMBL4878278,1
CHEMBL4878741,0
CHEMBL4878894,0
CHEMBL5069903,0
CHEMBL5074438,1
CHEMBL5074708,1
CHEMBL5075046,1
CHEMBL5075052,0
CHEMBL5075119,1
CHEMBL5075239,0
CHEMBL5075276,0
CHEMBL5075294,1
CHEMBL5076270,0
CHEMBL5076336,1
CHEMBL5077228,0
CHEMBL5077481,0
CHEMBL5077591,0
CHEMBL5077946,0
CHEMBL5078369,0
CHEMBL5078986,0
CHEMBL5079170,0
CHEMBL5080097,0
CHEMBL5080354,1
CHEMBL5080392,0
CHEMBL5080584,0
CHEMBL5080616,1
CHEMBL5080617,1
CHEMBL5080763,0
CHEMBL5082474,1
CHEMBL5082762,1
CHEMBL5082786,0
CHEMBL5082857,0
CHEMBL5083442,0
CHEMBL5083660,0
CHEMBL5084198,1
CHEMBL5084236,0
CHEMBL5084388,1
CHEMBL5084581,0
CHEMBL5084636,1
CHEMBL5084945,0
CHEMBL5085106,1
CHEMBL5085512,0
CHEMBL5085815,0
CHEMBL5086429,1
CHEMBL5086716,1
CHEMBL5087175,1
CHEMBL5087835,0
CHEMBL5088065,0
CHEMBL5088397,0
CHEMBL5088844,0
CHEMBL5088967,0
CHEMBL5089270,1
CHEMBL5089274,0
CHEMBL5089289,0
CHEMBL5089426,0
CHEMBL5089688,1
CHEMBL5089900,1
CHEMBL5090216,1
CHEMBL5090401,1
CHEMBL5090513,1
CHEMBL5090760,1
CHEMBL5090808,1
CHEMBL5090895,0
CHEMBL5091175,0
CHEMBL5091333,1
CHEMBL5092030,0
CHEMBL5092296,0
CHEMBL5092812,0
CHEMBL5093080,0
CHEMBL5093335,0
CHEMBL5093415,0
CHEMBL5093440,1
CHEMBL5093626,0
CHEMBL5093869,0
CHEMBL5093909,0
CHEMBL5094520,0
CHEMBL5094725,1
CHEMBL5094731,0
CHEMBL513909,1
CHEMBL5169667,1
CHEMBL5169842,1
CHEMBL5170318,1
CHEMBL5171031,1
CHEMBL5171062,1
CHEMBL5171108,1
CHEMBL5171202,1
CHEMBL5171311,0
CHEMBL5171510,1
CHEMBL5171591,1
CHEMBL5172345,1
CHEMBL5172545,1
CHEMBL5172663,1
CHEMBL5172772,0
CHEMBL5172933,1
CHEMBL5173301,1
CHEMBL5173360,0
CHEMBL5174374,1
CHEMBL5174496,0
CHEMBL5175082,1
CHEMBL5175745,1
CHEMBL5176176,1
CHEMBL5176332,1
CHEMBL5176395,0
CHEMBL5176955,1
CHEMBL5177096,0
CHEMBL5177436,1
CHEMBL5178480,1
CHEMBL5178512,1
CHEMBL5178669,0
CHEMBL5179161,0
CHEMBL5179165,0
CHEMBL5179492,0
CHEMBL5179686,1
CHEMBL5179704,0
CHEMBL5179959,1
CHEMBL5180463,1
CHEMBL5180474,1
CHEMBL5180724,0
CHEMBL5181340,1
CHEMBL5181765,1
CHEMBL5182458,0
CHEMBL5182906,0
CHEMBL5183432,0
CHEMBL5183863,1
CHEMBL5184079,1
CHEMBL5184171,1
CHEMBL5184327,0
CHEMBL5184556,1
CHEMBL5184904,0
CHEMBL5185104,0
CHEMBL5185824,1
CHEMBL5186690,0
CHEMBL5186717,1
CHEMBL5186867,0
CHEMBL5187671,1
CHEMBL5187787,0
CHEMBL5187914,1
CHEMBL5189057,1
CHEMBL5189967,1
CHEMBL5190064,1
CHEMBL5190094,1
CHEMBL5190816,1
CHEMBL5191078,1
CHEMBL5191142,1
CHEMBL5192071,1
CHEMBL5192717,1
CHEMBL5193162,1
CHEMBL5193276,0
CHEMBL5194411,0
CHEMBL5195195,1
CHEMBL5195713,0
CHEMBL5196207,1
CHEMBL5196837,1
CHEMBL5197137,0
CHEMBL5198491,1
CHEMBL5199360,1
CHEMBL5199676,1
CHEMBL5199938,1
CHEMBL5200030,1
CHEMBL5200443,1
CHEMBL5200542,1
CHEMBL5200884,1
CHEMBL5201342,0
CHEMBL5201345,1
CHEMBL5202705,1
CHEMBL5202850,1
CHEMBL5203556,0
CHEMBL5204275,1
CHEMBL5204558,0
CHEMBL5204795,1
CHEMBL5204989,1
CHEMBL5205435,1
CHEMBL5205457,1
CHEMBL5205742,1
CHEMBL5205901,1
CHEMBL5206073,0
CHEMBL5206261,1
CHEMBL5206375,1
CHEMBL5206537,1
CHEMBL5207143,1
CHEMBL5207310,1
CHEMBL5207330,0
CHEMBL5207585,1
CHEMBL5208997,1
CHEMBL5209167,1
CHEMBL5209210,1
CHEMBL5209351,1
CHEMBL5209398,1
CHEMBL5209870,1
CHEMBL5218482,0
CHEMBL5218934,0
CHEMBL5219547,0
CHEMBL5219925,0
CHEMBL5220338,0
CHEMBL5220412,0
CHEMBL5220563,0
CHEMBL525721,0
CHEMBL5266258,0
CHEMBL5266283,0
CHEMBL5266305,1
CHEMBL5266575,1
CHEMBL5266847,0
CHEMBL5267003,0
CHEMBL5267793,0
CHEMBL5267895,0
CHEMBL5268936,0
CHEMBL5269273,0
CHEMBL5269292,0
CHEMBL5269306,1
CHEMBL5269534,0
CHEMBL5269983,1
CHEMBL5270178,0
CHEMBL5270270,0
CHEMBL5270456,0
CHEMBL5270976,0
CHEMBL5271336,1
CHEMBL5271781,0
CHEMBL5272408,0
CHEMBL5273860,0
CHEMBL5274041,0
CHEMBL5274196,0
CHEMBL5274793,1
CHEMBL5275819,0
CHEMBL5276365,1
CHEMBL5276495,0
CHEMBL5277224,0
CHEMBL5277826,1
CHEMBL5277846,0
CHEMBL5278351,1
CHEMBL5278599,0
CHEMBL5279065,0
CHEMBL5279182,0
CHEMBL5280039,0
CHEMBL5280193,0
CHEMBL5280426,0
CHEMBL5280436,0
CHEMBL5280537,1
CHEMBL5280605,0
CHEMBL5280986,0
CHEMBL5281221,1
CHEMBL5282240,0
CHEMBL5282917,0
CHEMBL5283312,0
CHEMBL5283605,0
CHEMBL5283924,1
CHEMBL5284261,0
CHEMBL5284829,0
CHEMBL5285095,0
CHEMBL5285110,0
CHEMBL5285272,0
CHEMBL5285927,1
CHEMBL5286176,0
CHEMBL5286608,0
CHEMBL5286926,0
CHEMBL5287013,1
CHEMBL5287258,0
CHEMBL5287461,0
CHEMBL5287873,0
CHEMBL5288185,0
CHEMBL5288200,1
CHEMBL5288449,1
CHEMBL5289028,1
CHEMBL5289077,1
CHEMBL5289896,1
CHEMBL5290197,0
CHEMBL5290468,0
CHEMBL5290556,0
CHEMBL5290918,1
CHEMBL5291169,0
CHEMBL5393966,1
CHEMBL5394236,0
CHEMBL5394534,1
CHEMBL5394840,0
CHEMBL5394959,0
CHEMBL5395241,0
CHEMBL5395771,1
CHEMBL5396203,0
CHEMBL5396885,0
CHEMBL5397122,1
CHEMBL5397177,1
CHEMBL5397432,0
CHEMBL5397570,0
CHEMBL5398000,0
CHEMBL5398464,0
CHEMBL5399062,1
CHEMBL5399489,1
CHEMBL5400204,0
CHEMBL5400310,1
CHEMBL5400407,1
CHEMBL5400544,0
CHEMBL5401253,1
CHEMBL5401381,1
CHEMBL5401408,0
CHEMBL5401812,0
CHEMBL5402300,1
CHEMBL5402704,0
CHEMBL5402880,1
CHEMBL5402948,0
CHEMBL5403013,1
CHEMBL5403358,1
CHEMBL5403848,1
CHEMBL5403879,0
CHEMBL5404499,1
CHEMBL5404986,1
CHEMBL5405309,0
CHEMBL5405536,1
CHEMBL5405537,0
CHEMBL5405779,1
CHEMBL5406464,0
CHEMBL5406544,0
CHEMBL5406585,1
CHEMBL5406617,0
CHEMBL5408198,0
CHEMBL5408502,0
CHEMBL5408527,0
CHEMBL5408583,0
CHEMBL5409453,1
CHEMBL5409463,1
CHEMBL5409544,0
CHEMBL5409547,1
CHEMBL5409622,0
CHEMBL5410310,0
CHEMBL5410968,1
CHEMBL5411151,0
CHEMBL5411298,1
CHEMBL5411662,1
CHEMBL5412097,0
CHEMBL5412529,0
CHEMBL5412647,0
CHEMBL5413006,1
CHEMBL5413668,0
CHEMBL5413739,1
CHEMBL5414236,1
CHEMBL5414323,0
CHEMBL5414895,0
CHEMBL5415106,1
CHEMBL5415469,0
CHEMBL5415548,0
CHEMBL5415794,1
CHEMBL5416208,1
CHEMBL5416229,1
CHEMBL5416494,0
CHEMBL5416735,0
CHEMBL5417441,0
CHEMBL5417454,0
CHEMBL5417495,1
CHEMBL5418129,1
CHEMBL5418320,0
CHEMBL5419058,0
CHEMBL5419237,0
CHEMBL5419274,0
CHEMBL5419367,1
CHEMBL5419645,0
CHEMBL5419925,0
CHEMBL5420087,0
CHEMBL5420313,0
CHEMBL5420388,1
CHEMBL5420752,0
CHEMBL5421012,0
CHEMBL5421082,0
CHEMBL5421238,1
CHEMBL5421597,1
CHEMBL5422122,1
CHEMBL5422163,1
CHEMBL5422245,0
CHEMBL5422361,1
CHEMBL5422534,1
CHEMBL5422566,1
CHEMBL5422645,0
CHEMBL5422881,1
CHEMBL5422930,0
CHEMBL5422964,1
CHEMBL5422966,1
CHEMBL5423116,1
CHEMBL5423358,0
CHEMBL5424066,1
CHEMBL5424207,0
CHEMBL5424755,0
CHEMBL5424895,0
CHEMBL5424952,1
CHEMBL5425156,0
CHEMBL5425218,1
CHEMBL5426703,0
CHEMBL5426902,0
CHEMBL5426964,1
CHEMBL5427136,1
CHEMBL5427554,0
CHEMBL5427713,0
CHEMBL5428017,0
CHEMBL5429287,1
CHEMBL5429376,0
CHEMBL5429382,0
CHEMBL5429440,1
CHEMBL5429506,1
CHEMBL5429974,1
CHEMBL5430174,1
CHEMBL5430344,1
CHEMBL5430358,0
CHEMBL5430730,1
CHEMBL5431009,0
CHEMBL5431086,0
CHEMBL5431356,0
CHEMBL5432311,0
CHEMBL5432627,1
CHEMBL5432745,1
CHEMBL5432760,0
CHEMBL5432825,1
CHEMBL5432892,1
CHEMBL5432981,0
CHEMBL5434041,1
CHEMBL5434208,0
CHEMBL5434556,1
CHEMBL5435025,0
CHEMBL5435038,0
CHEMBL5435156,0
CHEMBL5435255,1
CHEMBL5435289,0
CHEMBL5435309,1
CHEMBL5435358,0
CHEMBL5435639,0
CHEMBL5436475,1
CHEMBL5436620,0
CHEMBL5437305,0
CHEMBL5437464,1
CHEMBL5437467,0
CHEMBL5437856,1
CHEMBL5438409,1
CHEMBL5438588,1
CHEMBL5440150,0
CHEMBL5440275,1
CHEMBL5440537,1
CHEMBL5440739,1
CHEMBL5440797,0
CHEMBL5440806,1
CHEMBL5440963,1
CHEMBL848,0
CHEMBL9,0
CHEMBL98,1
CHEMBL98350,0
